INSERT INTO dim_state (state_key, code, name)  VALUES (1001, 'X6', 'Empire State');
INSERT INTO dim_time (id, time_period, year_range) VALUES (999999, 'Wed Dec 26 15:47:53 EST 2012', 'Wed Dec 26 15:47:53 EST 2012');
INSERT INTO dim_group_of_state (group_of_state_key, code, name) VALUES (999, 'TestGroup', 'TestStateGroup');
INSERT INTO dim_group_of_school (group_of_school_key, city, description, name, state) VALUES (999980, 'ROSE', 'RoseSchoolGroup', 'Rose School Group', 'Empire State');
INSERT INTO dim_group_of_school (group_of_school_key, city, description, name, state) VALUES (999981, 'LOTUS', 'LotusSchoolGroup', 'Lotus School Group', 'Empire State');
INSERT INTO dim_school (school_key, address_line1, address_line2, city, country, group_of_school, group_of_school_key, name, state, zipcode) VALUES (999990, NULL, NULL, 'ROSE', NULL, 'RoseSchoolGroup', '999980', 'Gold High', 'Empire State', NULL);
INSERT INTO dim_school (school_key, address_line1, address_line2, city, country, group_of_school, group_of_school_key, name, state, zipcode) VALUES (999991, NULL, NULL, 'ROSE', NULL, 'RoseSchoolGroup', '999980', 'Silver High', 'Empire State', NULL);
INSERT INTO dim_school (school_key, address_line1, address_line2, city, country, group_of_school, group_of_school_key, name, state, zipcode) VALUES (999992, NULL, NULL, 'LOTUS', NULL, 'LotusSchoolGroup', '999981', 'First High', 'Empire State', NULL);
INSERT INTO dim_school (school_key, address_line1, address_line2, city, country, group_of_school, group_of_school_key, name, state, zipcode) VALUES (999993, NULL, NULL, 'LOTUS', NULL, 'LotusSchoolGroup', '999981', 'Second High', 'Empire State', NULL);
INSERT INTO dim_teacher (teacher_key, address_line1, address_line2, city, country, first_name, gender, group_of_school, last_name, middle_name, school, state, zipcode) VALUES (999990, NULL, NULL, 'ROSE', NULL, 'RODNEY', 'male', 'RoseSchoolGroup', 'MUELLER', 'WILCOX', 'Gold High', 'Empire State', NULL);
INSERT INTO dim_teacher (teacher_key, address_line1, address_line2, city, country, first_name, gender, group_of_school, last_name, middle_name, school, state, zipcode) VALUES (999991, NULL, NULL, 'LOTUS', NULL, 'JULIO', 'male', 'LotusSchoolGroup', 'POTTER', 'LAMBERT', 'First High', 'Empire State', NULL);
INSERT INTO dim_teacher (teacher_key, address_line1, address_line2, city, country, first_name, gender, group_of_school, last_name, middle_name, school, state, zipcode) VALUES (999992, NULL, NULL, 'ROSE', NULL, 'Smith', 'male', 'RoseSchoolGroup', 'Jack', 'Peter', 'Silver High', 'Empire State', NULL);
INSERT INTO dim_teacher (teacher_key, address_line1, address_line2, city, country, first_name, gender, group_of_school, last_name, middle_name, school, state, zipcode) VALUES (999993, NULL, NULL, 'LOTUS', NULL, 'Jose', 'male', 'LotusSchoolGroup', 'Jim', 'Black', 'Second High', 'Empire State', NULL);
INSERT INTO dim_grade (grade_key, code, name) VALUES (99990, 'T-Pre-K', 'T-Pre-K');
INSERT INTO dim_grade (grade_key, code, name) VALUES (99991, 'T-K', 'T-K');
INSERT INTO dim_grade (grade_key, code, name) VALUES (99992, 'T-1', 'T-1');
INSERT INTO dim_grade (grade_key, code, name) VALUES (99993, 'T-2', 'T-2');
INSERT INTO dim_assessment (assessment_key, create_date, level, required_credits, subject, subject_code, subject_name, time_period, year_range) VALUES (999925, '2012-12-26 15:45:45.788', 300, 3, 'T-ELA', 'T-ELA', 'T-ELA', 'BOY', '2012-2013');
INSERT INTO dim_assessment (assessment_key, create_date, level, required_credits, subject, subject_code, subject_name, time_period, year_range) VALUES (999926, '2012-12-26 15:45:45.79', 300, 3, 'T-MATH', 'T-MATH', 'T-MATH', 'MOY', '2011-2012');
INSERT INTO dim_student (student_key, dob, address_line1, address_line2, city, country, email, eternal_student_id, first_name, gender, last_name, middle_name, state, zipcode) VALUES (9888881, '1997-12-30 15:46:03.563', NULL, NULL, 'ROSE', NULL, 'MARY.SMITH@sbac.edu', '1888889', 'MARY', 'female', 'SMITH', 'SMITH', 'Empire State', NULL);
INSERT INTO dim_student (student_key, dob, address_line1, address_line2, city, country, email, eternal_student_id, first_name, gender, last_name, middle_name, state, zipcode) VALUES (9888882, '1997-12-30 15:45:59.23', NULL, NULL, 'ROSE', NULL, 'MARVIN.WATERS@sbac.edu', '2888889', 'MARVIN', 'male', 'WATERS', 'ANDREWS', 'Empire State', NULL);
INSERT INTO dim_student (student_key, dob, address_line1, address_line2, city, country, email, eternal_student_id, first_name, gender, last_name, middle_name, state, zipcode) VALUES (9888883, '2003-12-29 15:45:59.295', NULL, NULL, 'LOTUS', NULL, 'PHILIP.PRYOR@sbac.edu', '3888889', 'PHILIP', 'male', 'PRYOR', 'PATTON', 'Empire State', NULL);
INSERT INTO dim_student (student_key, dob, address_line1, address_line2, city, country, email, eternal_student_id, first_name, gender, last_name, middle_name, state, zipcode) VALUES (9888884, '2006-12-28 15:46:01.357', NULL, NULL, 'LOTUS', NULL, 'MARTHA.NICHOLS@sbac.edu', '4888889', 'MARTHA', 'female', 'NICHOLS', 'CRAWFORD', 'Empire State', NULL);
INSERT INTO fact_assessment_result (id, version, assessment_id, assessment_score, eternal_student_id, grade_id, group_of_school_id, group_of_state_id, school_id, state_id, student_id, teacher_id, time_id) VALUES (999990, 0, 999925, 90, 1888889, 99990, 999980, 999, 999990, 1001, 9888881, 999990, 999999);
INSERT INTO fact_assessment_result (id, version, assessment_id, assessment_score, eternal_student_id, grade_id, group_of_school_id, group_of_state_id, school_id, state_id, student_id, teacher_id, time_id) VALUES (999991, 0, 999926, 50, 1888889, 99991, 999980, 999, 999990, 1001, 9888881, 999991, 999999);
INSERT INTO fact_assessment_result (id, version, assessment_id, assessment_score, eternal_student_id, grade_id, group_of_school_id, group_of_state_id, school_id, state_id, student_id, teacher_id, time_id) VALUES (999992, 0, 999925, 45, 2888889, 99990, 999980, 999, 999991, 1001, 9888882, 999992, 999999);
INSERT INTO fact_assessment_result (id, version, assessment_id, assessment_score, eternal_student_id, grade_id, group_of_school_id, group_of_state_id, school_id, state_id, student_id, teacher_id, time_id) VALUES (999993, 0, 999926, 55, 2888889, 99991, 999980, 999, 999991, 1001, 9888882, 999993, 999999);
INSERT INTO fact_assessment_result (id, version, assessment_id, assessment_score, eternal_student_id, grade_id, group_of_school_id, group_of_state_id, school_id, state_id, student_id, teacher_id, time_id) VALUES (999994, 0, 999925, 43, 3888889, 99992, 999980, 999, 999992, 1001, 9888883, 999990, 999999);
INSERT INTO fact_assessment_result (id, version, assessment_id, assessment_score, eternal_student_id, grade_id, group_of_school_id, group_of_state_id, school_id, state_id, student_id, teacher_id, time_id) VALUES (999995, 0, 999926, 74, 3888889, 99993, 999980, 999, 999992, 1001, 9888883, 999991, 999999);
INSERT INTO fact_assessment_result (id, version, assessment_id, assessment_score, eternal_student_id, grade_id, group_of_school_id, group_of_state_id, school_id, state_id, student_id, teacher_id, time_id) VALUES (999996, 0, 999925, 84, 4888889, 99992, 999980, 999, 999993, 1001, 9888884, 999992, 999999);
INSERT INTO fact_assessment_result (id, version, assessment_id, assessment_score, eternal_student_id, grade_id, group_of_school_id, group_of_state_id, school_id, state_id, student_id, teacher_id, time_id) VALUES (999997, 0, 999926, 36, 4888889, 99993, 999980, 999, 999993, 1001, 9888884, 999993, 999999);